Tags,Frequency
encryption,41971
hash,39886
openssl,16093
cryptography,11130
md5,6682
aes,6586
rsa,5905
x509certificate,3287
keystore,3256
digital-signature,3167
sha1,2700
bouncycastle,2639
xor,2514
smartcard,2167
x509,2064
salt,1879
sha256,1813
public-key-encryption,1797
private-key,1565
sha,1511
public-key,1375
hmac,1329
pycrypto,988
cryptojs,954
encryption-symmetric,757
crypto++,707
des,680
pkcs11,678
encryption-asymmetric,594
jce,554
rijndael,482
cryptoapi,474
pkcs 7,414
3des,384
elliptic-curve,371
ecdsa,361
pbkdf2,339
diffie-hellman,315
cng,141
cryptographic-hash-function,74