Tags,Password/hashes and basic crypto algorithms,Programming issues,Digital certificate and configurational problems
3des,1,51,9
aes,130,811,168
bouncycastle,30,636,745
cng,5,16,32
crypto++,27,167,161
cryptoapi,28,156,193
cryptographic-hash-function,17,3,0
cryptography,2419,6482,2547
cryptojs,32,214,65
des,54,382,25
diffie-hellman,19,105,68
digital-signature,63,330,1636
ecdsa,2,71,23
elliptic-curve,29,88,18
encryption,4106,12546,8390
encryption-asymmetric,1,51,32
encryption-symmetric,25,104,55
hash,15353,517,1558
hmac,129,211,246
jce,6,27,137
keystore,27,69,1887
md5,2161,322,496
openssl,315,1444,7715
pbkdf2,124,66,20
pkcs 7,11,124,141
pkcs11,10,51,277
private-key,10,108,407
public-key,2,92,262
public-key-encryption,21,215,236
pycrypto,12,169,189
rijndael,9,103,6
rsa,242,3062,900
salt,630,23,163
sha,405,121,204
sha1,719,207,372
sha256,465,236,153
smartcard,38,92,1336
x509,23,59,731
x509certificate,49,134,1834
xor,894,188,21