"1","c++","540","639897"
"2","c","502","314029"
"3","cryptography","11130","0"
"4","public-key-encryption","304","1540"
"5","c#","1807","1356085"
"7","hash","676","21057"
"8","pbkdf2","71","325"
"9","java","2293","1603277"
"10","random","249","26992"
"14","pkcs#11","83","589"
"15","security","1015","48242"
"17","p2p","5","1687"
"18","trust","2","162"
"19","xml","49","187591"
"21","windows-phone-7","10","19859"
"22","encryption","3535","29737"
"25","database","35","160320"
"27","passwords","180","9112"
"28","ios","236","612547"
"29","string","62","144607"
"32","heroku","4","32383"
"34","entropy","26","472"
"35","authentication","119","60388"
"37","openid","3","3206"
"44","aes","1033","5474"
"48",".net","633","288888"
"49","vb.net","96","126773"
"51","rsa","1064","5181"
"52","php","625","1314668"
"55","certificate","134","8391"
"56","private-key","120","1166"
"67","big-o","2","0"
"68","des","107","571"
"71","linux","97","181109"
"74","interop","11","5213"
"76","c++-cli","6","0"
"77","type-conversion","5","0"
"79","saltedhash","7","0"
"80","rainbowattack","3","0"
"85","bouncycastle","437","2422"
"90","openssl","649","11998"
"92","visual-c++","17","27533"
"94","crypto++","109","628"
"97","digital-signature","318","2591"
"98","pycrypto","117","755"
"99","rsacryptoserviceprovider","53","185"
"101","dcpu-16","1","0"
"102","stream-cipher","11","29"
"109","amazon-s3","9","0"
"111","checksum","15","1490"
"112","objective-c","121","288654"
"116","udp","7","0"
"117","md5","195","3572"
"118","cisco","2","0"
"120","cookies","12","28722"
"122","javascript","615","1894320"
"124","x509","77","1498"
"125","pki","44","621"
"130","node.js","525","297283"
"135","3des","57","309"
"139","ssl","220","39974"
"140","elliptic-curve","206","503"
"144","cryptoapi","140","510"
"145","iphone","57","220050"
"151","smartcard","72","1603"
"165","e-token","2","0"
"168","linux-kernel","31","13890"
"169","kernel-module","3","0"
"178","privacy","6","0"
"179","voting","1","0"
"188","mcrypt","43","884"
"190","asp.net","151","350358"
"196","cryptanalysis","22","37"
"208","hmac","149","1063"
"212","vigenere","26","308"
"220","signing","35","862"
"224","xor","56","1308"
"225","brute-force","23","777"
"226","delphi","34","44666"
"227","winapi","59","34642"
"230","pkcs#12","22","364"
"235","key-management","11","69"
"250","express","10","0"
"252","php-5.3","2","0"
"253","password-protection","31","1490"
"254","bcrypt","49","1568"
"258","asp-classic","8","0"
"260","rijndael","61","392"
"261","initialization-vector","28","109"
"266","assembly","9","0"
"274","credit-card","6","0"
"278","xml-signature","18","355"
"279","signedxml","7","0"
"282","salt","78","1041"
"283","dictionary-attack","3","0"
"292","mysql","69","576295"
"295","cryptographic-hash-function","57","94"
"298","cc-mode","1","0"
"300","winforms","14","86617"
"305","memory","8","0"
"306","windows-7","4","0"
"314","ssl-certificate","44","7447"
"322","kernel","14","7698"
"332","sha","96","1031"
"337","xcode","11","136009"
"338","encoding","87","20533"
"340","python","906","1276848"
"345","hash-function","14","208"
"349","exception","28","34455"
"351","itext","12","8189"
"360","padding","44","3104"
"365","ecb","11","104"
"371","windows","118","134107"
"374","x509certificate","106","2444"
"382","fips","30","311"
"383","nonce","13","211"
"385","firefox","5","0"
"387","nss","11","165"
"391","seed","3","0"
"392","prng","21","238"
"398","ldap","3","0"
"399","client-server","9","0"
"400","windows-server-2003","3","0"
"402","oracle","14","115347"
"403","character-encoding","16","13308"
"413","asp.net-membership","2","0"
"415","web-config","3","0"
"423","symbian","2","0"
"424","s60-3rd-edition","1","0"
"429","iso8583","3","0"
"431","android","473","1230798"
"433","browser","13","22553"
"439","cng","66","172"
"446","mfc","3","0"
"450","registry","2","0"
"464","polynomial-math","4","0"
"465","inverse","3","0"
"466","ntruencrypt","6","0"
"473","membership-provider","2","0"
"497","c#-2.0","4","0"
"498","rijndaelmanaged","51","242"
"501","utf-16le","1","0"
"522","gnupg","46","1324"
"529","pgp","38","636"
"530","openpgp","19","258"
"533","multiplication","4","0"
"534","aes-gcm","54","195"
"535","galois-field","4","0"
"537","ubuntu","13","46448"
"540","truecrypt","2","0"
"554","api","33","70804"
"561","public-key","84","861"
"570","pkcs#7","68","409"
"576","junit","6","0"
"582","code-signing","15","2103"
"590","coldfusion","10","0"
"593","vb6","11","10046"
"598","decompiling","4","0"
"601","obfuscation","14","2568"
"623","embedded","15","7786"
"629","tripledes","47","230"
"635","web-services","28","59311"
"639","mono","15","9564"
"644","algorithm","238","94406"
"649","encryption-asymmetric","94","446"
"650","encryption-symmetric","102","570"
"654","ruby","91","208536"
"662","html5","12","119142"
"664","local-storage","1","0"
"665","offline","1","0"
"669","keytool","23","1082"
"673","jce","76","431"
"685","primality-test","2","0"
"702","ssh","22","22521"
"708","hardware","8","0"
"709","verilog","3","0"
"710","xilinx","2","0"
"726","ascii-art","1","0"
"729","key","62","7281"
"733","resharper","1","0"
"734","optional-parameters","1","0"
"735","named-parameters","1","0"
"745","sha1","113","1581"
"754","arithmeticexception","1","0"
"763","asn.1","31","553"
"786","perl","26","63596"
"790","password-encryption","38","969"
"796","types","4","0"
"799","public","6","0"
"803","application-pool","1","0"
"849","keystore","66","2191"
"855","block-cipher","34","106"
"860","oop","3","0"
"861","templates","2","0"
"862","pointers","5","0"
"876","digital-certificate","24","499"
"885","dsa","25","176"
"893","m2crypto","24","261"
"894","pyopenssl","17","375"
"906","cross-platform","5","0"
"913","scrypt","22","113"
"931","sjcl","22","69"
"941","biginteger","40","1657"
"952","sockets","29","56876"
"960","key-generator","15","83"
"968","language-agnostic","18","7936"
"1005","loops","5","0"
"1007","frequency","1","0"
"1016","sql","16","513555"
"1028","javacard","45","842"
"1040","implementation","3","0"
"1052","cryptojs","124","857"
"1057","dkim","1","0"
"1062","math","93","33615"
"1067","java1.4","2","0"
"1068","human-readable","1","0"
"1073","cakephp","3","0"
"1076","qt","27","72707"
"1078","kde","1","0"
"1079","file","23","66136"
"1082","qthread","1","0"
"1083","qprogressbar","1","0"
"1087","sign","26","1039"
"1089","servlets","4","0"
"1096","large-files","1","0"
"1097","on-the-fly","1","0"
"1107","configuration","6","0"
"1116","elgamal","23","58"
"1123","ado.net","1","0"
"1136","macos","44","94766"
"1154","truststore","3","0"
"1160","diffie-hellman","99","328"
"1189","azure","22","77767"
"1194","jvm","11","10082"
"1195","ikvm","1","0"
"1217","ruby-on-rails","27","36841"
"1233","silverlight","8","0"
"1239","murmurhash","2","0"
"1251","temporary-files","1","0"
"1252","sensitive-data","1","0"
"1257","uniqueidentifier","5","0"
"1262","trim","2","0"
"1264","memory-management","5","0"
"1265","erlang","24","8617"
"1267","compression","12","7679"
"1274","polarssl","7","0"
"1277","nsstring","4","0"
"1284","microsoft-metro","5","0"
"1289","ascii","16","5568"
"1290","unpack","1","0"
"1292","signature","32","1416"
"1296","node-crypto","30","113"
"1301","key-pair","14","186"
"1318","devise","1","0"
"1320","password-recovery","2","0"
"1328","uri","1","0"
"1329","canonicalization","3","0"
"1330","xml-dsig","8","0"
"1332","bash","23","117462"
"1353","apache","12","85372"
"1355","shiro","1","0"
"1364","chef","1","0"
"1366","windows-mobile","4","0"
"1373","adler32","1","0"
"1375","sql-server","42","271515"
"1390","sha256","110","1304"
"1391","sha512","31","375"
"1399","commoncrypto","33","191"
"1412","hsm","51","303"
"1414","playready","2","0"
"1418","license-key","7","0"
"1429","product-key","1","0"
"1451","size","1","0"
"1452","block","4","0"
"1453","http","14","54835"
"1468","jca","13","195"
"1473","ocsp","11","159"
"1476","bit-manipulation","19","6376"
"1477","low-level","1","0"
"1483","progress-4gl","1","0"
"1484","openedge","1","0"
"1485","crc16","1","0"
"1487","gsm","3","0"
"1488","modem","2","0"
"1489","at-command","1","0"
"1493","numbers","12","9562"
"1497","windows-runtime","23","8402"
"1503","nullpointerexception","1","0"
"1507","networking","22","30879"
"1526","mobile","9","0"
"1527","java-me","11","5816"
"1529","sms","1","0"
"1539","probability","7","0"
"1540","discrete-mathematics","13","899"
"1544","ssh-keys","6","0"
"1552","jks","6","0"
"1554","actionscript-3","12","41303"
"1555","air","2","0"
"1557","blowfish","49","438"
"1562","https","30","20179"
"1582","com","2","0"
"1591","botan","16","102"
"1613","shared-libraries","2","0"
"1617","ms-office","5","0"
"1623","eclipse","7","0"
"1631","pseudocode","4","0"
"1646","x509certificate2","38","633"
"1657","hash-collision","20","200"
"1666","java-ee","9","0"
"1667","applet","10","0"
"1688","wireless","2","0"
"1697","c#-4.0","24","25526"
"1704","symmetric-key","19","72"
"1717","base64","47","8661"
"1723","stack-trace","1","0"
"1724","jvm-hotspot","3","0"
"1725","nosuchproviderexception","3","0"
"1729","network-programming","6","0"
"1737","oauth","23","17238"
"1746","shuffle","7","0"
"1754","captcha","2","0"
"1758","oauth-2.0","10","0"
"1759","google-docs-api","1","0"
"1760","google-drive-api","1","0"
"1767","pkcs#1","17","76"
"1783","iis-6","1","0"
"1804","webkit","1","0"
"1820","scheme","1","0"
"1841","performance","44","84800"
"1843","apache-flex","4","0"
"1854","integrity","4","0"
"1862","avr","4","0"
"1863","winavr","1","0"
"1876","guid","7","0"
"1880","birthday-paradox","2","0"
"1897","bignum","11","292"
"1904","google-app-engine","12","43947"
"1914","pem","48","717"
"1922","provider","9","0"
"1927","lockbox-3","7","0"
"1928","cbc-mode","32","168"
"1945","mifare","7","0"
"1946","message-authentication-code","2","0"
"1950","jython","2","0"
"1954","payment-gateway","2","0"
"1958","clojure","3","0"
"1960","desktop-application","2","0"
"1979","weblogic","1","0"
"1988","sqldatareader","1","0"
"1998","security-framework","5","0"
"2009","asp.net-mvc","27","184462"
"2026","identify","1","0"
"2027","handset","1","0"
"2034","jboss7.x","2","0"
"2035","jsf-1.2","1","0"
"2036","seam2","1","0"
"2039","go","114","41482"
"2042","events","1","0"
"2044","progress-bar","1","0"
"2045","backgroundworker","1","0"
"2049","timestamp","7","0"
"2073","7zip","3","0"
"2078","prime-factoring","7","0"
"2098","visual-studio-2010","10","0"
"2108","ctr-mode","7","0"
"2118","streamreader","2","0"
"2147","visual-studio-2008","6","0"
"2150","windows-mobile-6","1","0"
"2162","delphi-2010","3","0"
"2180","w3c","1","0"
"2184","wsse","1","0"
"2193","sqlcipher","4","0"
"2215","distribution","3","0"
"2216","verification","9","0"
"2221","hmacsha1","26","257"
"2230","factorization","5","0"
"2237","reporting-services","1","0"
"2249","pkcs#8","14","76"
"2264","portable-class-library","6","0"
"2278","unique-key","2","0"
"2295","code-signing-certificate","1","0"
"2304","secret-key","27","358"
"2314","wif","4","0"
"2315","claims-based-identity","3","0"
"2333","cygwin","2","0"
"2355","webcrypto-api","45","155"
"2356","browserid","1","0"
"2357","wpf","7","0"
"2360","polymorphism","1","0"
"2361","embedded-resource","1","0"
"2363","client-side","5","0"
"2367","keyczar","4","0"
"2371","qcar-sdk","1","0"
"2380","rest","12","73576"
"2384","stateless","1","0"
"2408","gost3410","5","0"
"2433","authenticode","10","0"
"2436","backend","1","0"
"2445","crypt","14","474"
"2454","django","22","211119"
"2481","arrays","25","309058"
"2491","visual-studio","18","90863"
"2493","32bit-64bit","1","0"
"2494","exe","2","0"
"2499","standards-compliance","1","0"
"2500","pci-compliance","3","0"
"2503","scala","8","0"
"2509","pkcs#5","9","0"
"2523","open-source","7","0"
"2525","smime","15","242"
"2553","mscapi","22","73"
"2555","windows-store-apps","10","0"
"2567","keychain","13","1674"
"2572","audio","4","0"
"2574","steganography","13","408"
"2583","cross-browser","1","0"
"2592","solaris","3","0"
"2602","one-time-pad","1","0"
"2611","sdk","2","0"
"2612","windows-8","6","0"
"2614","windows-phone-8","18","18500"
"2617","rngcryptoserviceprovider","6","0"
"2619","trigonometry","1","0"
"2632","optimization","6","0"
"2645","finite-field","3","0"
"2650","smtp","2","0"
"2656","pdf","15","40729"
"2666","web","12","36977"
"2668","web-crawler","1","0"
"2692","cmac","9","0"
"2709","windows-phone-7.1","1","0"
"2710",".net-assembly","1","0"
"2734","linguistics","1","0"
"2735","frequency-analysis","7","0"
"2736","text-analysis","1","0"
"2739","reverse","3","0"
"2743","certenroll","2","0"
"2753","driver","2","0"
"2754","registration","1","0"
"2756","unix","14","42021"
"2773","google-analytics","1","0"
"2799","grooveshark","1","0"
"2818","excel","6","0"
"2820","excel-vba","2","0"
"2823","vba","5","0"
"2849","counter","2","0"
"2858","protocols","12","4768"
"2859","primes","23","2565"
"2872","locking","2","0"
"2873","text-files","2","0"
"2874","file-locking","1","0"
"2888","rainbowtable","15","49"
"2900","rfc2898","4","0"
"2929","python-3.x","118","192032"
"2931","twofish","8","0"
"2958","modulo","10","0"
"2966","gmp","15","819"
"2967","number-theory","12","356"
"2973","nacl-cryptography","12","38"
"2976","flask","5","0"
"2977","flask-login","2","0"
"3037","login","9","0"
"3040","authorization","9","0"
"3053","asp.net-mvc-3","4","0"
"3061","static-libraries","2","0"
"3062","static-linking","1","0"
"3081","hash-code-uniqueness","1","0"
"3108","tsql","6","0"
"3114","file-upload","3","0"
"3122","sequence","2","0"
"3161","internet-explorer-9","1","0"
"3166","drm","4","0"
"3191","libraries","4","0"
"3204","unit-testing","4","0"
"3225","hardware-acceleration","5","0"
"3243","openssh","11","873"
"3249","salesforce","2","0"
"3264","validation","5","0"
"3266","pdo","2","0"
"3306","standards","4","0"
"3308","electronic-signature","1","0"
"3311","dojo","1","0"
"3326","analog-digital-converter","1","0"
"3327","digital-analog-converter","1","0"
"3338","amazon-web-services","18","82655"
"3340","credentials","2","0"
"3348","app-config","4","0"
"3351","ecdsa","110","394"
"3359","usb","3","0"
"3380","plaintext","2","0"
"3399","shell","5","0"
"3411","playframework-2.0","1","0"
"3422","windows-phone","3","0"
"3449","communication","5","0"
"3450","man-in-the-middle","8","0"
"3453",".net-4.5","4","0"
"3454","web-farm","1","0"
"3455","eventvalidation","1","0"
"3466","modular","2","0"
"3480","aescryptoserviceprovider","10","0"
"3484","ipad","2","0"
"3486","skype","1","0"
"3494","cryptostream","8","0"
"3512","linq","2","0"
"3525","token","12","5341"
"3567","hex","21","7798"
"3577","goto","1","0"
"3578","algebra","6","0"
"3587","boolean","2","0"
"3589","deterministic","1","0"
"3591","tinyos","1","0"
"3596","libgcrypt","6","0"
"3607","cracking","7","0"
"3703","io","7","0"
"3750","makecert","1","0"
"3754","android-ndk","7","0"
"3756","java-native-interface","8","0"
"3757","shared","1","0"
"3778","jsch","4","0"
"3784","byte","22","6103"
"3823","inputstream","3","0"
"3828","phpseclib","16","715"
"3834","email","7","0"
"3863","undefined-behavior","2","0"
"3879","strongname","5","0"
"3890","hp-ux","1","0"
"3901","benchmarking","11","2838"
"3906","obsolete","1","0"
"3931","vhdl","1","0"
"3932","integer-arithmetic","1","0"
"3933","modular-arithmetic","19","248"
"3940","raid","1","0"
"3956","base62","1","0"
"3959","computer-science","9","0"
"3960","theory","8","0"
"3961","cloud","3","0"
"3971","app-data","1","0"
"3974","visual-studio-2012","5","0"
"4008","transport-security","1","0"
"4023","pcsc","1","0"
"4036","cordova","7","0"
"4070","tostring","2","0"
"4105","virtualenv","3","0"
"4106","pip","18","12535"
"4120","ansible","2","0"
"4127","app-store","4","0"
"4128","ssziparchive","1","0"
"4130","postgresql","16","106964"
"4154","sessionid","3","0"
"4159","xml-encryption","3","0"
"4178","windows-xp","4","0"
"4195","bootloader","1","0"
"4201","titanium","1","0"
"4250","xxtea","2","0"
"4267","licensing","16","1993"
"4271","mongoid","1","0"
"4305","winjs","1","0"
"4340","python-2.7","43","92267"
"4342","complexity-theory","3","0"
"4345","utf-8","4","0"
"4347","utf-16","1","0"
"4373","graph-theory","1","0"
"4382","naming-conventions","2","0"
"4411","logic","5","0"
"4426","jsbn","2","0"
"4434","time-complexity","5","0"
"4449","intel","5","0"
"4450","rdrand","3","0"
"4489","task-parallel-library","1","0"
"4490","static-methods","1","0"
"4497","skein","3","0"
"4504","remote-desktop","2","0"
"4528","node-modules","2","0"
"4532","pci-dss","3","0"
"4543","padding-oracle-attack","6","0"
"4549","cocoa","10","0"
"4598","exception-handling","3","0"
"4606","curl","3","0"
"4609","libcurl","1","0"
"4621","cuda","4","0"
"4624","opencl","1","0"
"4656","testing","6","0"
"4697","kdf","6","0"
"4709","ruby-on-rails-3","2","0"
"4755","random-seed","5","0"
"4768","geometry","1","0"
"4793","password-hash","16","393"
"4802","batch-file","3","0"
"4804","ftp","2","0"
"4816","iis-7","2","0"
"4820","client-certificates","2","0"
"4822","web-applications","16","19594"
"4901","tpm","10","0"
"4903","trusted-computing","2","0"
"4920","certificate-authority","4","0"
"4937","bufferedreader","3","0"
"4939","printwriter","1","0"
"4959","module","6","0"
"4963","line","1","0"
"4965","importerror","3","0"
"5152","cnf","2","0"
"5159","network-security","4","0"
"5181","terminal","4","0"
"5219","corruption","2","0"
"5379","verify","5","0"
"5443","hashcode","8","0"
"5465","stream","21","12384"
"5470","sse2","1","0"
"5496","documentation","1","0"
"5506","sasl","1","0"
"5562","signatures","1","0"
"5563","trusted","1","0"
"5578","decoding","4","0"
"5602","keccak","10","0"
"5603","sha-3","8","0"
"5619","binary","13","11702"
"5674","vbscript","4","0"
"5680","html","10","0"
"5707","compact-framework","8","0"
"5727","hashmap","2","0"
"5734","ipsec","7","0"
"5766","firemonkey-fm2","1","0"
"5767","delphi-xe4","2","0"
"5808","vb6-migration","2","0"
"5859","statistics","10","0"
"5861","character","3","0"
"5862","formula","1","0"
"5867","xcode4","1","0"
"5889","graph","1","0"
"5890","tree","1","0"
"5894","distributed","5","0"
"5920","digest","14","454"
"5938","racket","1","0"
"6084","git","11","115436"
"6133","quantum-computing","5","0"
"6165","web-scraping","5","0"
"6167","crc32","9","0"
"6206","aix","2","0"
"6231","uuid","14","2325"
"6253","hierarchical","1","0"
"6276","antiforgerytoken","1","0"
"6277","authorize-attribute","1","0"
"6299","tcpclient","2","0"
"6327","client","4","0"
"6352","mandrill","1","0"
"6386","javax.crypto","12","67"
"6421","apache-camel","3","0"
"6471","lua","9","0"
"6497","combinatorics","3","0"
"6532","badpaddingexception","9","0"
"6540","iaik-jce","6","0"
"6586","symfony","1","0"
"6632","code-access-security","1","0"
"6701","deserialization","2","0"
"6709","serialization","14","27639"
"6770","elasticsearch","1","0"
"6849","salt-stack","2","0"
"6893","hybrid","3","0"
"6928","gpgpu","1","0"
"6929","hpc","1","0"
"6949","one-time-password","8","0"
"7111","winsock","1","0"
"7127","matlab","19","85537"
"7170","pfx","13","437"
"7199","system.security","14","49"
"7238","md5sum","6","0"
"7247","unsigned","1","0"
"7249","signed","2","0"
"7265","paypal","1","0"
"7269","paypal-ipn","1","0"
"7382","centos","3","0"
"7434","u-boot","1","0"
"7441","combinations","4","0"
"7465","sftp","1","0"
"7467","paramiko","8","0"
"7500","http-headers","2","0"
"7502","application-cache","1","0"
"7510","libcrypto","4","0"
"7514","artificial-intelligence","3","0"
"7518","data-mining","2","0"
"7519","robotics","1","0"
"7535","jsse","4","0"
"7547","deployment","2","0"
"7551","javafx-2","1","0"
"7553","self-contained","1","0"
"7627","persistence","1","0"
"7670","windows-services","1","0"
"7694","ios6","1","0"
"7703","apache-commons","1","0"
"7710","whirlpool","7","0"
"7712","xamarin.ios","8","0"
"7719","xamarin.android","2","0"
"7739","jasypt","11","292"
"7747","constants","1","0"
"7777","jsp","4","0"
"7817","iis","8","0"
"7858","range","2","0"
"7905","bytearray","13","3675"
"7946","output","2","0"
"8021","asyncsocket","2","0"
"8029","spkac","1","0"
"8094","jquery","9","0"
"8110","json","17","274480"
"8123","file-io","11","19511"
"8126","garbage","1","0"
"8136","challenge-response","8","0"
"8181","comparison","3","0"
"8184","equality","1","0"
"8231","bitcoin","54","1465"
"8247","malloc","2","0"
"8256","youtube","1","0"
"8260","youtube-api","1","0"
"8399","copy","1","0"
"8428","xades4j","2","0"
"8454","wolfram-mathematica","4","0"
"8577","f#","2","0"
"8613","bitconverter","1","0"
"8651","binaryformatter","1","0"
"8668","xtea","2","0"
"8692","filestream","6","0"
"8712","jetty","3","0"
"8726","multiplatform","1","0"
"8758","securityexception","1","0"
"8784","cmake","7","0"
"8785","qt5","2","0"
"8823","end-to-end","3","0"
"8849","r","8","0"
"8855","url","3","0"
"8881","dictionary","7","0"
"8953","apk","2","0"
"8973","libsodium","31","212"
"9108","twisted","4","0"
"9197","federated-identity","1","0"
"9237","session","12","41060"
"9257","spongycastle","9","0"
"9338","access-token","7","0"
"9363","curve-25519","4","0"
"9364","sqrl","1","0"
"9365","ed25519","4","0"
"9406","grails","2","0"
"9448","exc-bad-access","2","0"
"9480","dom","2","0"
"9545","nshield","2","0"
"9574","object","2","0"
"9610","csr","14","398"
"9621","aes-ni","9","0"
"9648","itar","1","0"
"9661","shared-secret","7","0"
"9691","bit","6","0"
"9936","version","2","0"
"9978","websub","1","0"
"9995","rc4-cipher","16","124"
"10003","haskell","23","42204"
"10008","payment","2","0"
"10016","single-sign-on","4","0"
"10021","parameters","1","0"
"10026","axis","1","0"
"10042","logarithm","7","0"
"10096","htmlunit","1","0"
"10159","firefox-addon","5","0"
"10251","maple","5","0"
"10311","azure-mobile-services","1","0"
"10392","windows-forms-designer","1","0"
"10401","password-storage","1","0"
"10478","system","4","0"
"10537","windows-server-2012","1","0"
"10540","sql-server-2008","6","0"
"10546","tde","6","0"
"10563","websocket","4","0"
"10571","love2d","1","0"
"10604","php-openssl","24","308"
"10617","syntax","3","0"
"10621","octave","1","0"
"10674","internet-explorer","1","0"
"10706","visualization","2","0"
"10708","plot","1","0"
"10731","header","2","0"
"10749","winverifytrust","2","0"
"10760","outlook","2","0"
"10795","largenumber","1","0"
"10847","nosuchmethoderror","1","0"
"10912","delphi-2009","1","0"
"10914","delphi-2006","1","0"
"11003","add-in","1","0"
"11013","serial-number","1","0"
"11039","lookup-tables","1","0"
"11047","struts","1","0"
"11048","javabeans","1","0"
"11057","ruby-on-rails-4","3","0"
"11105","sails.js","1","0"
"11118","linear-algebra","3","0"
"11120","symbolic-math","1","0"
"11122","mupad","1","0"
"11184","asp.net-mvc-4","7","0"
"11255","encode","10","0"
"11260","eigen","1","0"
"11262","modulus","8","0"
"11304","as3crypto","1","0"
"11315","blackberry","8","0"
"11404","azure-web-roles","1","0"
"11405","azure-web-sites","2","0"
"11446","abstract-algebra","2","0"
"11521","google-play","1","0"
"11541","compilation","2","0"
"11668","content-management-system","2","0"
"11755","copy-protection","2","0"
"11776","spring","10","0"
"11796","sql-server-2008-r2","2","0"
"11829","parent-child","2","0"
"11844",".net-2.0","4","0"
"11860","itextsharp","2","0"
"11869","x86","3","0"
"11893","netbeans","5","0"
"11933","regex","4","0"
"11990","hashtable","4","0"
"11992","aircrack-ng","2","0"
"12000","jwt","52","8311"
"12021","github","7","0"
"12026","controls","1","0"
"12053","forge","4","0"
"12063","dll","6","0"
"12098","database-connection","1","0"
"12137","hill-climbing","1","0"
"12151","activerecord","1","0"
"12248","wcf","7","0"
"12344","archive","1","0"
"12347","data-recovery","2","0"
"12352","decode","9","0"
"12353","haxe","1","0"
"12400","bytebuffer","2","0"
"12532","udid","1","0"
"12534","android-sdk-tools","1","0"
"12545","hibernate","3","0"
"12568","ripemd","5","0"
"12594","iostream","2","0"
"12647","qmake","1","0"
"12648","mingw32","1","0"
"12683","rncryptor","4","0"
"12751","otp","4","0"
"12812","bitmask","1","0"
"12820","fread","1","0"
"12916","photon","1","0"
"12986","unicode","4","0"
"12999","message","4","0"
"13005","gwt","2","0"
"13060","rc2-cipher","4","0"
"13145","apple-push-notifications","3","0"
"13146","appstore-approval","5","0"
"13164","http-digest","1","0"
"13216","reverse-engineering","15","2868"
"13311","ansi","1","0"
"13313","credit-card-track-data","1","0"
"13349","forms-authentication","2","0"
"13357","html5-keygen","1","0"
"13374","memory-mapped-files","1","0"
"13510","entity-framework","3","0"
"13545","reflection","1","0"
"13628","amazon-simpledb","1","0"
"13673","raspberry-pi","3","0"
"13713","ws-security","3","0"
"13717","visual-foxpro","2","0"
"13734","xamarin","17","38600"
"13744","java-7","4","0"
"13767","pecl","1","0"
"13769","bcmath","1","0"
"13771","mnpp","1","0"
"13785","query-string","1","0"
"13804","yii","4","0"
"13841","gmpy","2","0"
"13855","lotus","1","0"
"13873","dogecoin-api","1","0"
"13894","php-extension","2","0"
"13923","java-8","6","0"
"13943","curves","1","0"
"14094","arduino","7","0"
"14145","visual-studio-2013","5","0"
"14156","heap-corruption","2","0"
"14271","particle-swarm","1","0"
"14353","data-structures","2","0"
"14363","cell","1","0"
"14365","fpga","6","0"
"14394","ril","1","0"
"14410","sagepay","3","0"
"14463","libffi","1","0"
"14518","offset","1","0"
"14519","encoder","1","0"
"14596","matrix","3","0"
"14606","django-models","2","0"
"14671","gcc","7","0"
"14677","libssl","3","0"
"14707","operating-system","2","0"
"14736","verisign","1","0"
"14761","srp-protocol","4","0"
"14789","mongodb","7","0"
"14868","localhost","1","0"
"14915","dart","7","0"
"14926","video","2","0"
"14941","cin","1","0"
"14990","ios7","1","0"
"15113","watermark","1","0"
"15292","hashlib","8","0"
"15479","chat","5","0"
"15485","asp.net-mvc-5","4","0"
"15493","wireshark","3","0"
"15495","pcap","1","0"
"15503","isolatedstorage","1","0"
"15516","tcp","15","18999"
"15521","zeromq","2","0"
"15538","nfc","6","0"
"15588","sip","1","0"
"15604","export","2","0"
"15622","heartbleed-bug","1","0"
"15630","cpu","3","0"
"15645","image-processing","6","0"
"15652","information-theory","4","0"
"15691","jax-rs","1","0"
"15710","ntrusign","3","0"
"15734","php-java-bridge","1","0"
"15822","virus","1","0"
"15865","moodle","2","0"
"15871","scrapy","6","0"
"15990","endianness","7","0"
"15993","angularjs","9","0"
"16095","drupal","2","0"
"16108","coordinates","1","0"
"16110","sage","8","0"
"16209","tomcat","8","0"
"16221","google-cloud-storage","2","0"
"16226","virtualization","1","0"
"16262","plc","1","0"
"16264","iec61131-3","1","0"
"16272","monodevelop","3","0"
"16291","zip","6","0"
"16307","ajax","2","0"
"16323","boost","2","0"
"16329","mersenne-twister","3","0"
"16373","nlp","3","0"
"16383","sap","2","0"
"16384","sapb1","1","0"
"16407","rfid","3","0"
"16497","google-oauth","2","0"
"16554","google-plus","1","0"
"16564",".htaccess","1","0"
"16684","client-side-scripting","1","0"
"16729","azure-worker-roles","1","0"
"16753","ccavenue","1","0"
"16760","wifi","4","0"
"16762","wep","1","0"
"16810","coinbase-api","3","0"
"16845","buffer","5","0"
"16855","ocaml","1","0"
"16863","windows-8.1","3","0"
"16873","javascript-security","1","0"
"16982","caching","3","0"
"16993","owin","1","0"
"17012","compiler-optimization","2","0"
"17025","failed-installation","3","0"
"17027","database-design","4","0"
"17094","process","1","0"
"17199","policy","1","0"
"17211","dtls","7","0"
"17226","http-post","1","0"
"17286","adobe","2","0"
"17292","recursion","2","0"
"17342","socket.io","2","0"
"17353","ocr","1","0"
"17379","unique","3","0"
"17437","multithreading","11","118482"
"17440","parallel-processing","4","0"
"17460","replace","1","0"
"17471","error-handling","3","0"
"17488","coap","2","0"
"17510","ntl","2","0"
"17518","apdu","9","0"
"17520","globalplatform","4","0"
"17608","basic-authentication","2","0"
"17618","identity","2","0"
"17679","makefile","3","0"
"17686","android-keystore","18","742"
"17708","freebsd","2","0"
"17717","fiddler","1","0"
"17738","securid","2","0"
"17765","apex","1","0"
"17961","windows-phone-8.1","10","0"
"17975","opencv","2","0"
"18003","nio","1","0"
"18070","security.framework","1","0"
"18085","import","6","0"
"18182","struct","1","0"
"18229","hce","2","0"
"18241","filesystems","4","0"
"18243","ext4","1","0"
"18285","qt4","2","0"
"18325","string-decoding","1","0"
"18435","saml-2.0","4","0"
"18436","shibboleth","1","0"
"18437","service-provider","1","0"
"18528","http-range","1","0"
"18569","boost-asio","1","0"
"18622","debugging","3","0"
"18651","pari-gp","1","0"
"18652","mathematical-lattices","1","0"
"18720","xss","1","0"
"18764","sql-server-2005","3","0"
"18768","search","2","0"
"18824","vpn","2","0"
"18825","rfc","4","0"
"18834","cbc-mac","8","0"
"18908","var","1","0"
"18941","auto-generate","1","0"
"18958","information-hiding","1","0"
"19013","starttls","1","0"
"19020","stringwriter","1","0"
"19023","tkinter","6","0"
"19146","data-conversion","2","0"
"19153","javafx","3","0"
"19179","two-factor-authentication","3","0"
"19203","ipv6","1","0"
"19204","ipv4","1","0"
"19205","radix","1","0"
"19341","soap","9","0"
"19429","arguments","1","0"
"19463","sha2","10","0"
"19477","sql-injection","1","0"
"19634","instruction-set","1","0"
"19658","parsing","3","0"
"19661","dss","4","0"
"19671","smartcard-reader","3","0"
"19686","static-analysis","1","0"
"19709","adfs2.0","1","0"
"19864","mvvmcross","1","0"
"19912","specifications","3","0"
"19913","remote-assistance","1","0"
"20022","swift","91","246316"
"20045","github-api","1","0"
"20174","coldfusion-9","1","0"
"20232","google-closure-library","1","0"
"20246","sqlite","12","79176"
"20316","sun","1","0"
"20338","acl","2","0"
"20389","laravel","9","0"
"20416","128-bit","1","0"
"20440","spring-mvc","2","0"
"20564","execution","1","0"
"20566","proof","1","0"
"20671","streaming","3","0"
"20692","word-list","1","0"
"20729","permutation","6","0"
"20736","xen","1","0"
"20737","hypervisor","1","0"
"20742","curve","3","0"
"20780","microphone","1","0"
"20797","converter","1","0"
"20827","windows-mobile-6.5","1","0"
"20913","firemonkey","1","0"
"20915","delphi-xe7","1","0"
"20973","null","2","0"
"20983","serverside-javascript","1","0"
"21001","timing","2","0"
"21003","riscv","1","0"
"21020","microcontroller","3","0"
"21099","barcode","2","0"
"21131",".net-3.5","10","0"
"21147","architecture","5","0"
"21155","machine-learning","3","0"
"21260","signals","1","0"
"21269","terminology","5","0"
"21367","pidcrypt","2","0"
"21399","reducing","1","0"
"21427","asp.net-web-api","6","0"
"21432","asp.net-4.5","1","0"
"21619","repeat","1","0"
"21625","wso2","2","0"
"21633","rmi","2","0"
"21634","object-serialization","1","0"
"21769","android-activity","1","0"
"21776","sharedpreferences","5","0"
"21782","montgomery-multiplication","4","0"
"21821","erase","1","0"
"21837","floating-point-precision","1","0"
"21860","cryptographicexception","5","0"
"21870","xmpp","2","0"
"21871","xmppframework","1","0"
"22047","multidimensional-array","3","0"
"22104","debian","2","0"
"22106","logout","1","0"
"22108","pam","2","0"
"22125","gnu","3","0"
"22167","permissions","2","0"
"22170","mount","1","0"
"22309","spring4d","1","0"
"22354","alexa","1","0"
"22364","asp.net-web-api2","2","0"
"22384","collision","4","0"
"22405","migration","1","0"
"22407","maven","5","0"
"22426","segmentation-fault","2","0"
"22463","list","4","0"
"22521","emv","8","0"
"22539","transformation","1","0"
"22573","change-password","2","0"
"22589","memoization","1","0"
"22591","exponentiation","2","0"
"22592","charm-crypto","19","28"
"22608","cs50","5","0"
"22609","caesar-cipher","22","490"
"22616","message-digest","6","0"
"22645","cpu-architecture","1","0"
"22730","msdn","2","0"
"22798","voting-system","2","0"
"22799","blind","1","0"
"22808","generator","3","0"
"22842","indexing","2","0"
"22853","exponent","4","0"
"22888","embedded-jetty","1","0"
"22922","image","6","0"
"22940","amazon-sns","1","0"
"23001","coordinate-systems","2","0"
"23032","google-authenticator","1","0"
"23059","cxf","1","0"
"23061","wss4j","3","0"
"23079","bluetooth","4","0"
"23184","evp-cipher","8","0"
"23241","jcryption","1","0"
"23284","sql-server-2000","2","0"
"23309","linker","1","0"
"23315","gnutls","5","0"
"23390","bitwise-xor","4","0"
"23393","jsf","1","0"
"23400","glassfish","1","0"
"23449","constant-time","3","0"
"23546","google-cloud-messaging","2","0"
"23626","webrtc","1","0"
"23695","partial","1","0"
"23777","assertions","1","0"
"23863","ejbca","1","0"
"23873","cross-language","1","0"
"23880","linux-device-driver","1","0"
"23882","embedded-linux","4","0"
"24011","roku","1","0"
"24130","poco","1","0"
"24138","ibm-mobilefirst","1","0"
"24180","coinbase-php","2","0"
"24195","gravatar","1","0"
"24210","non-ascii-characters","2","0"
"24486","timing-attack","2","0"
"24664","64-bit","1","0"
"24733","malware-detection","1","0"
"24742","php-password-hash","1","0"
"24778","james","1","0"
"24828","cpan","1","0"
"25001","mbed","3","0"
"25087","network-protocols","2","0"
"25192","silverlight-4.0","3","0"
"25210","spring-security","5","0"
"25301","android-studio","4","0"
"25336","google-maps-api-3","1","0"
"25338","google-api","1","0"
"25343","google-maps-android-api-2","1","0"
"25346","static","1","0"
"25373","wcf-security","2","0"
"25380","pow","1","0"
"25474","sanity-check","1","0"
"25499","memory-leaks","2","0"
"25563","unsupervised-learning","1","0"
"25581","unity3d","7","0"
"25646","openfire","1","0"
"25648","off-the-record-messaging","2","0"
"25730","delphi-xe5","1","0"
"25835","noise","1","0"
"25836","noise-reduction","1","0"
"25852","schannel","1","0"
"25905","clickbank","1","0"
"25920","active-directory","4","0"
"25924","windows-server","1","0"
"25941","ctypes","1","0"
"25961","powershell","20","73871"
"25983","jwe","4","0"
"26025","cors","1","0"
"26027","subresource-integrity","1","0"
"26152","non-uniform-distribution","1","0"
"26189","compiler-construction","1","0"
"26316","lotus-notes","1","0"
"26318","lotusscript","1","0"
"26320","capicom","4","0"
"26329","keybase","1","0"
"26337","overhead","1","0"
"26344","hidden-files","1","0"
"26347",".net-4.0","6","0"
"26405","notepad++","1","0"
"26425","win-universal-app","7","0"
"26475","ca","3","0"
"26712","ecryptfs","2","0"
"26727","css","2","0"
"26730","user-experience","1","0"
"26748","yii2","1","0"
"26810","load-balancing","1","0"
"26812","express-session","1","0"
"26878","bitcoind","1","0"
"26880","blockchain","39","3002"
"26909","java-security","15","294"
"26924","openid-connect","2","0"
"26937","api-key","1","0"
"27021","libtomcrypt","2","0"
"27105","mod-wsgi","1","0"
"27156","arm64","1","0"
"27195","window","2","0"
"27197","group-policy","2","0"
"27214","itunesconnect","5","0"
"27220","instructions","1","0"
"27237","function","3","0"
"27239","class","3","0"
"27315","azure-devops","1","0"
"27333","emacs","1","0"
"27339","elisp","1","0"
"27340","common-lisp","3","0"
"27342","ironclad","1","0"
"27358","filenames","2","0"
"27441","php-5.4","1","0"
"27472","s3cmd","1","0"
"27513","bit-shift","4","0"
"27656","ant","1","0"
"27693","saml","3","0"
"27704","wso2carbon","1","0"
"27800","google-apps-script","3","0"
"27913","advapi32","2","0"
"27917","compiler-errors","4","0"
"27936","c++11","6","0"
"27965","string-hashing","4","0"
"27983","openbsd","2","0"
"27985","type-bounds","1","0"
"28006","webserver","2","0"
"28033","luks","1","0"
"28053","bytestring","2","0"
"28094","connection-string","3","0"
"28096","aspnet-regiis.exe","1","0"
"28142","redundancy","1","0"
"28209","playframework","5","0"
"28291","pdfbox","1","0"
"28345","dpapi","7","0"
"28479","phishing","2","0"
"28533","beautifulsoup","1","0"
"28570","multiline","1","0"
"28600","ecos","1","0"
"28608","deep-web","1","0"
"28617","gpgme","1","0"
"28660","aslr","1","0"
"28677","tracking","1","0"
"28726","flash","2","0"
"28779","google-signin","1","0"
"28962","abap","1","0"
"29071","jcop","1","0"
"29107","jose4j","2","0"
"29122","plsql","3","0"
"29205","mozilla","2","0"
"29247","azure-sql-database","1","0"
"29592","self-destruction","1","0"
"29598","xcode6.4","1","0"
"29646","browserify","2","0"
"29710","pycparser","1","0"
"29768","smt","1","0"
"29769","sat","2","0"
"29787","cordova-plugins","2","0"
"30016","hbase","1","0"
"30178","pascal","2","0"
"30187","ethereum","15","2504"
"30231","server","4","0"
"30237","httprequest","2","0"
"30372","objectdisposedexception","1","0"
"30380","k-means","1","0"
"30457","device-driver","1","0"
"30538","software-distribution","3","0"
"30564","pkcs#15","1","0"
"30631","mongoose","3","0"
"30665","plist","1","0"
"30666","itunes","1","0"
"30751","azure-table-storage","1","0"
"30878","integer","2","0"
"30900","api-design","3","0"
"30902","method-signature","1","0"
"30953","signtool","2","0"
"30971","long-integer","1","0"
"31047","rdp","1","0"
"31129","sql-server-2012","2","0"
"31133","sqlclr","1","0"
"31141","json.net","1","0"
"31186","android-6.0-marshmallow","5","0"
"31225","intellij-idea","1","0"
"31227","jar","3","0"
"31264","facebook-graph-api","1","0"
"31318","sasl-scram","2","0"
"31372","uwp","25","17257"
"31443","python-multiprocessing","2","0"
"31471","soap-client","2","0"
"31490","windows2012","1","0"
"31523","tls1.2","21","1933"
"31529","opensaml","3","0"
"31742","concatenation","2","0"
"31804","jarsigner","3","0"
"31909","data-protection","6","0"
"31988","xcode7","1","0"
"31989","tvos","1","0"
"31997","laravel-4","1","0"
"32003","xml-serialization","1","0"
"32030","install","2","0"
"32059","trng","1","0"
"32085","mean","1","0"
"32110","qt5.3","1","0"
"32137","escript","1","0"
"32185","nettle","1","0"
"32235","joauth","1","0"
"32251","genetic-algorithm","5","0"
"32253","substitution","3","0"
"32303","arc4random","3","0"
"32352","wamp","2","0"
"32489","privileges","1","0"
"32499","version-control","2","0"
"32561","containers","1","0"
"32722","react-native","12","61463"
"32737","indexoutofboundsexception","2","0"
"32815","kerberos","4","0"
"32890","nsdata","3","0"
"32908","server-side","1","0"
"33034","pyscard","1","0"
"33085","8051","1","0"
"33155","nsstringencoding","1","0"
"33231","wolfssl","6","0"
"33295","biometrics","2","0"
"33305","pinvoke","2","0"
"33383","meteor","3","0"
"33409","mnemonics","3","0"
"33425","filereader","2","0"
"33482","docker","4","0"
"33505","rampart","1","0"
"33574","multiprecision","2","0"
"33627","wincrypt","5","0"
"33685","visual-studio-2015","3","0"
"33708","jfilechooser","1","0"
"33760","eeprom","1","0"
"33801","facebook","1","0"
"33846","wolframalpha","2","0"
"33881","netbeans-platform","1","0"
"34043","pyinstaller","5","0"
"34071","cpu-cache","1","0"
"34072","hyperthreading","1","0"
"34104","hashalgorithm","4","0"
"34251","libressl","2","0"
"34261","cryptoswift","9","0"
"34459","request","2","0"
"34492","flask-security","1","0"
"34593","codeigniter","7","0"
"34852","lazarus","1","0"
"34859","system-design","1","0"
"34895","swift2","2","0"
"35260","touch-id","1","0"
"35374","recovery","2","0"
"35416","fingerprint","2","0"
"35487","internet-explorer-11","2","0"
"35531","cakephp-3.0","1","0"
"35695","hyper-v","1","0"
"35766","ellipse","1","0"
"35767","scalar","1","0"
"35773","processing-efficiency","1","0"
"35774","morse-code","1","0"
"35786","time","3","0"
"35806","pyasn1","3","0"
"36031","generics","3","0"
"36075","vector","5","0"
"36080","initialization","2","0"
"36121","actionscript","5","0"
"36147","ioexception","1","0"
"36149","facebook-conceal","1","0"
"36181","elixir","10","0"
"36209","ssh-keygen","3","0"
"36262","transactions","1","0"
"36356","information-retrieval","2","0"
"36389","dev-c++","1","0"
"36483","continuous-deployment","1","0"
"36485","certificate-store","2","0"
"36582","parse-platform","1","0"
"36586","firebase","8","0"
"36633","automation","2","0"
"36895","qr-code","6","0"
"36918","xslt","1","0"
"36920","namespaces","2","0"
"36924","xml-namespaces","1","0"
"36979","windows-10-mobile","1","0"
"36980","windows-10-universal","2","0"
"36989","apr","1","0"
"37022","computation","1","0"
"37105","performance-testing","1","0"
"37141","symmetric","2","0"
"37256","configure","1","0"
"37295","digest-authentication","3","0"
"37383","tor","1","0"
"37540","get","1","0"
"37613","google-chrome-extension","2","0"
"37632","ecmascript-6","1","0"
"37743","getter-setter","1","0"
"37769","cc","1","0"
"37779","ddp","1","0"
"37827","ntp","1","0"
"37844","spreadsheet","1","0"
"37994","save","1","0"
"38020","twitter","2","0"
"38070","replay","1","0"
"38082","tags","1","0"
"38129","zip4j","1","0"
"38162","mcrypt-js","1","0"
"38168","dht","2","0"
"38196","ziparchive","1","0"
"38268","azure-iot-hub","1","0"
"38361","camellia","1","0"
"38371","heap-memory","1","0"
"38375","user-interface","1","0"
"38520","error-correction","1","0"
"38521","error-detection","1","0"
"38563","solr","2","0"
"38564","lucene","1","0"
"38608","matrix-multiplication","1","0"
"38615","equation","1","0"
"38655","pypy","1","0"
"38676","root-certificate","2","0"
"38708","dnssec","2","0"
"38734","precision","1","0"
"38846","android-7.0-nougat","2","0"
"38848","secure-random","3","0"
"38868","infinite-loop","1","0"
"38882","push-notification","1","0"
"38995","gemalto","2","0"
"39011","apple-news","1","0"
"39168","android-security","3","0"
"39170","android-securityexception","1","0"
"39203","zend-framework","3","0"
"39251","signalr","1","0"
"39259","avplayer","1","0"
"39375","email-validation","1","0"
"39476","yubico","1","0"
"39479","service","2","0"
"39540","ksh","1","0"
"39556","exchange-server","1","0"
"39557","currency","1","0"
"39589","okta","1","0"
"39637","diff","1","0"
"39639","ubuntu-16.04","1","0"
"39697","gost28147","1","0"
"39713","mapping","1","0"
"39714","one-to-one","1","0"
"39765","dukpt","3","0"
"39833","packages","1","0"
"39843","python-3.5","2","0"
"39944","admob","1","0"
"39946","facebook-sdk-4.0","1","0"
"39998","standard-library","2","0"
"40026","ionic-framework","2","0"
"40069","oauth2","1","0"
"40096","swift2.2","1","0"
"40179","android-testing","1","0"
"40234","compatibility","1","0"
"40347","session-state","1","0"
"40363","azure-keyvault","2","0"
"40404","npm","2","0"
"40410","variables","2","0"
"40550","sh","1","0"
"40551","busybox","1","0"
"40592","adfs","2","0"
"40633","sunstudio","1","0"
"40797","pear","3","0"
"40823","passwd","1","0"
"40844","visa","2","0"
"41022","six","1","0"
"41061",".net-core","40","18937"
"41064","powerbi-embedded","1","0"
"41174","jwk","5","0"
"41207","offloading","1","0"
"41217","playframework-2.4","1","0"
"41319","case-insensitive","1","0"
"41402","quandl","1","0"
"41492","bitbucket","1","0"
"41503","passphrase","3","0"
"41514","ecdhe","2","0"
"41548","antivirus","1","0"
"41574","vbulletin","1","0"
"41576","hashcat","1","0"
"41651","apache-httpclient-4.x","1","0"
"41688","storing-data","1","0"
"41696","penetration-testing","1","0"
"41754","mime","2","0"
"41810","google-chrome","5","0"
"41849","contactless-smartcard","1","0"
"41857",".net-4.6.1","1","0"
"41886","storage","2","0"
"41990","dotnetnuke","1","0"
"42088","ios9","1","0"
"42124","dataset","1","0"
"42171","windows-hello","1","0"
"42172","webauthn","1","0"
"42185","firebase-realtime-database","3","0"
"42186","firebase-authentication","3","0"
"42187","xcode8","1","0"
"42285","share","1","0"
"42420","shadow","2","0"
"42527","portability","2","0"
"42631","release","1","0"
"42778","ms-word","1","0"
"42829","arm","1","0"
"42898","google-compute-engine","1","0"
"42909","delay","1","0"
"42911","omnet++","1","0"
"42914","veins","1","0"
"43042","frequency-distribution","1","0"
"43170","asynchronous","4","0"
"43294","filewriter","1","0"
"43357","python-cryptography","27","86"
"43366","bufferedimage","1","0"
"43453","ofbiz","1","0"
"43496","atmel","2","0"
"43606","edi","1","0"
"43717","stm32","8","0"
"43719","freertos","1","0"
"43733","dsl","1","0"
"43735","cryptol","2","0"
"43748","url-encoding","1","0"
"43828","xamarin.forms","5","0"
"43843","amazon-ec2","3","0"
"43887","pillow","2","0"
"43892","sorting","2","0"
"44076","hololens","1","0"
"44091","websphere","2","0"
"44108","exoplayer","1","0"
"44159","phpunit","1","0"
"44180","opensc","3","0"
"44219","yaws","2","0"
"44398","submit","1","0"
"44400","facebook-login","1","0"
"44430","aurelia-cli","1","0"
"44445","libssh","1","0"
"44455","public-key-exchange","6","0"
"44464","pkcs12","1","0"
"44525","uint32","1","0"
"44527","uint8array","1","0"
"44551","serial-communication","1","0"
"44552","telecommunication","1","0"
"44573","feistel-cipher","1","0"
"44594","finite-group-theory","1","0"
"44601","try-catch","1","0"
"44730","graphics","1","0"
"44733","project","1","0"
"44789","numeric-ranges","1","0"
"44878","paillier","3","0"
"44885","cisco-ios","1","0"
"44894","missing-data","1","0"
"45138","pcl-crypto","2","0"
"45183","arangodb","2","0"
"45292","webhooks","2","0"
"45342","asp.net-core","18","36841"
"45354","restful-authentication","2","0"
"45370","jmeter","1","0"
"45373","beanshell","1","0"
"45546","n-gram","1","0"
"45554","twitter-oauth","2","0"
"45559","swift3","7","0"
"45600","identityserver4","3","0"
"45685","windows-security","1","0"
"45717","pycuda","1","0"
"45722","ubuntu-14.04","1","0"
"45723","cmake-gui","1","0"
"45760","python-import","2","0"
"45763","traceback","1","0"
"45787","eulers-number","1","0"
"45875","if-statement","2","0"
"45884","for-loop","3","0"
"45940","private","4","0"
"45942","ipfs","1","0"
"46099","mingw","2","0"
"46108","pkzip","2","0"
"46139","core-data","1","0"
"46160","code-golf","1","0"
"46188","ffmpeg","1","0"
"46475","foundation","1","0"
"46491","android-sdcard","1","0"
"46546","sed","1","0"
"46641","suse","2","0"
"46666","lfsr","2","0"
"46800","laravel-5.1","1","0"
"46842","tea-cipher","1","0"
"46883","hashicorp-vault","4","0"
"47042","pii","2","0"
"47091","backbone.js","1","0"
"47134","password-generator","1","0"
"47139","mbedtls","2","0"
"47211","angular-cli","1","0"
"47238","outputstream","1","0"
"47351","json-web-token","2","0"
"47376","modbus","1","0"
"47386","hamming-distance","3","0"
"47418","memorystream","1","0"
"47421",".net-4.5.2","1","0"
"47474","cpu-usage","1","0"
"47511","wildfly","1","0"
"47512","openjdk","1","0"
"47514","alpine","1","0"
"47564","android-pay","1","0"
"47607","grouping","1","0"
"47798","sslsocketfactory","1","0"
"47903","angular","12","188964"
"47936",".net-standard","4","0"
"47977","groovy","2","0"
"48102","index-error","1","0"
"48162","codelite","1","0"
"48239","peer","1","0"
"48245","uber-api","1","0"
"48329","steam","2","0"
"48353","soapui","1","0"
"48464","wsh","1","0"
"48497","c14n","1","0"
"48597","pkcs11interop","9","0"
"48696","polynomials","5","0"
"48703","backup","1","0"
"48742","elm","1","0"
"48875","gdb","1","0"
"49009","python-2.x","1","0"
"49163","android-database","1","0"
"49376","qt-creator","1","0"
"49563","asp.net-core-mvc","1","0"
"49566","asp.net-core-1.1","1","0"
"49677","chilkat","2","0"
"49730","eofexception","1","0"
"49777","multiprocessing","1","0"
"49811","jruby","1","0"
"49812","jruby-openssl","1","0"
"49880","numpy","5","0"
"49924","atl","1","0"
"49925","windows-server-2008-r2","1","0"
"50056","aws-cognito","1","0"
"50244","kubernetes","3","0"
"50323","python-wheel","1","0"
"50381","garbage-collection","2","0"
"50386","v8","1","0"
"50395","pycryptodome","13","93"
"50419","synchronization","1","0"
"50464","android-studio-2.3","1","0"
"50759","extension-methods","1","0"
"50768",".net-4.6.2","2","0"
"50936","porting","2","0"
"51089","user-input","1","0"
"51091","bitstring","1","0"
"51182","log4j","1","0"
"51244","core","1","0"
"51305","wpa","1","0"
"51397","compare","1","0"
"51440","rust","11","13927"
"51500","nosuchelementexception","1","0"
"51556","arraylist","1","0"
"51560","shift","3","0"
"51612","exponential-distribution","1","0"
"51638","air-native-extension","1","0"
"51647","pgcrypto","1","0"
"51734","random-testing","1","0"
"51762","rhel7","1","0"
"51772","odbc","1","0"
"51774","adodb","1","0"
"51775","ibm-midrange","2","0"
"51796","portable-executable","1","0"
"51798","trusted-timestamp","2","0"
"51852","sgx","2","0"
"52001","routing","1","0"
"52076","oid","3","0"
"52158","inline-assembly","1","0"
"52232","azure-ad-b2c","1","0"
"52408","javax","1","0"
"52441","alphanumeric","1","0"
"52456","foxx","1","0"
"52532","softhsm","3","0"
"52627","cryptlib","2","0"
"52637","jjwt","1","0"
"52649","hive","1","0"
"52687","expo","1","0"
"52697","simplemembership","1","0"
"52893","autoit","1","0"
"53003","jboss","1","0"
"53051","mqtt","1","0"
"53053","mosquitto","2","0"
"53054","csv","3","0"
"53146","transpose","1","0"
"53203","youtube-data-api","1","0"
"53244","unity5","1","0"
"53253","kotlin","11","30087"
"53283","scripting","1","0"
"53302","jackson","1","0"
"53303","ecies","2","0"
"53335","session-keys","2","0"
"53360","google-sheets","1","0"
"53491","cfb-mode","2","0"
"53494","hadoop","1","0"
"53499","hortonworks-data-platform","1","0"
"53533","phoenix-framework","2","0"
"53585","double","1","0"
"53603","buildozer","1","0"
"53808","x86-64","1","0"
"53919","shellcode","1","0"
"53920","machine-code","1","0"
"53950","unmanaged","2","0"
"54000","arraybuffer","4","0"
"54014","dronekit","1","0"
"54016","mavlink","1","0"
"54053","chinese-remainder-theorem","1","0"
"54254","datacontractserializer","1","0"
"54258","binary-serialization","1","0"
"54472","proofs","1","0"
"54489",".net-core-2.0","1","0"
"54510","php-7","1","0"
"54513","php-7.2","1","0"
"54544","arbitrary-precision","1","0"
"54558","webpack","3","0"
"54574","slug","1","0"
"54632","deobfuscation","1","0"
"54659","openssl-engine","2","0"
"54679","gdax-api","1","0"
"54697","domexception","1","0"
"54749","protocol-buffers","1","0"
"54789","distributed-computing","1","0"
"54792","audio-fingerprinting","1","0"
"54816","data-integrity","2","0"
"54866","web3-java","1","0"
"54933","whatsapp","3","0"
"54934","descriptor","1","0"
"55000","socketcluster","1","0"
"55065","aws-kms","2","0"
"55083","uniform-distribution","1","0"
"55097","jdbc","1","0"
"55220","powerpc","2","0"
"55222","openpower","1","0"
"55247","asp.net-identity","2","0"
"55294","ecdh","17","69"
"55535","xero-api","1","0"
"55573","blob","1","0"
"55581","powershell-5.0","1","0"
"55657","db2","1","0"
"55672","windows-api-code-pack","1","0"
"55839","photo","1","0"
"55857","bigint","1","0"
"55880","nbitcoin","2","0"
"55939","codenameone","1","0"
"55971","strstr","1","0"
"55989","pandas","2","0"
"56018","shareware","1","0"
"56055","sql-server-2016","1","0"
"56116","video-streaming","1","0"
"56212","fido-u2f","1","0"
"56365","maven-plugin","1","0"
"56388","blackjack","1","0"
"56390","gambling","1","0"
"56454","secure-coding","2","0"
"56639","jpeg","2","0"
"56692","azure-cloud-services","1","0"
"56738","ordereddictionary","1","0"
"56764","asn1","4","0"
"56770","design-patterns","1","0"
"56925","kmip","1","0"
"56959","mathematical-optimization","4","0"
"57111","computer-algebra-systems","1","0"
"57126","visual-studio-mac","1","0"
"57186","window.crypto","1","0"
"57197","scoring","1","0"
"57258","file-sharing","1","0"
"57283","code-complexity","1","0"
"57467","typescript","11","95273"
"57704","nuget","1","0"
"57706","nuget-package","2","0"
"57763","pdf-generation","1","0"
"57765","tcpdf","1","0"
"57784","thread-safety","4","0"
"58037","identification","1","0"
"58072","enzyme","1","0"
"58074","jest","1","0"
"58150","poloniex","2","0"
"58230","mimekit","2","0"
"58249","interprocess","1","0"
"58365","nested-loops","1","0"
"58403","uwsgi","1","0"
"58408","char","1","0"
"58512","equivalent","1","0"
"58571","virtual-machine","1","0"
"58598","httpresponse","1","0"
"58749","solidity","2","0"
"58751","ico","1","0"
"58920","php-5.6","1","0"
"58974","interpolation","1","0"
"58982","visual-studio-2017","2","0"
"59028","merkle-tree","1","0"
"59083","post","1","0"
"59162","asp.net-core-2.0","3","0"
"59245","litecoin","1","0"
"59597","element","1","0"
"59599","jpbc","2","0"
"59619","tomcat8.5","1","0"
"59754","dice","1","0"
"59815","hyperledger-fabric","4","0"
"59841","product","1","0"
"59874","digital","2","0"
"59931","blockchain.info-api","1","0"
"59961","bluetooth-lowenergy","3","0"
"59965","pairing","1","0"
"60022","objective-c++","1","0"
"60028","mining","4","0"
"60029","client-side-attacks","1","0"
"60031","server-side-attacks","1","0"
"60052","rust-cargo","1","0"
"60060","invalidoperationexception","1","0"
"60091","windows-server-2012-r2","2","0"
"60092","http-status-code-401","1","0"
"60138","rsa-sha256","3","0"
"60192","dyndns","1","0"
"60210","robotframework","1","0"
"60235","cryptoki","2","0"
"60402","puzzle","1","0"
"60431","bitcoinj","1","0"
"60559","python-3.6","4","0"
"60586","basic","1","0"
"60650","delphi-xe","1","0"
"60683","anonymize","2","0"
"60737","iteration","2","0"
"60745","firebase-security","1","0"
"60746","firebase-security-rules","1","0"
"60843","chaining","1","0"
"60879","cypher","1","0"
"60929","systems-programming","1","0"
"61005","hsqldb","1","0"
"61105","nodes","1","0"
"61263","versioning","1","0"
"61423","ceylon","1","0"
"61441","firmware","1","0"
"61461","backport","1","0"
"61483","citrix","2","0"
"61484","netscaler","1","0"
"61585","publishing","1","0"
"61598","ed25519-donna","1","0"
"61634","certutil","1","0"
"61706","aws-sdk","1","0"
"61709","apache-nifi","1","0"
"61744","aws-cli","1","0"
"61782","runtime","1","0"
"61820","handshake","2","0"
"61963","stack","1","0"
"62082","cryptocurrency","6","0"
"62138","poco-libraries","1","0"
"62148","distributed-system","1","0"
"62254","mariadb","1","0"
"62297","arduino-esp8266","1","0"
"62309","cffi","2","0"
"62328","pdfminer","1","0"
"62395","angular5","1","0"
"62427","chatroom","1","0"
"62455","bc","2","0"
"62556","messaging","1","0"
"62571","windows-10","2","0"
"62594","hyperledger-sawtooth","5","0"
"62725","format","2","0"
"62924","matplotlib","1","0"
"63053","rabbitmq","1","0"
"63059","swift4","4","0"
"63103","anonymity","1","0"
"63130","ocx","1","0"
"63173","forms","1","0"
"63207","content-security-policy","1","0"
"63209","jsdom","1","0"
"63246","charts","1","0"
"63302","iot","1","0"
"63397","hkdf","2","0"
"63439",".net-core-1.1","1","0"
"63447","armv8","1","0"
"63601","argon","1","0"
"63677","go-ethereum","2","0"
"63689","substring","1","0"
"63702","telegram","1","0"
"63753","stored-procedures","1","0"
"63819","quine","1","0"
"63829","execution-time","1","0"
"63852","postman","1","0"
"63869","pyjwt","1","0"
"63907","nim-lang","1","0"
"64023","ada","1","0"
"64056","seal","5","0"
"64081","adal","1","0"
"64100","reed-solomon","1","0"
"64192","datatable","1","0"
"64436","keytab","1","0"
"64468","microsoft-fakes","1","0"
"64485","enclave","2","0"
"64553","reactjs","4","0"
"64615","python-requests","1","0"
"64645","android-9.0-pie","2","0"
"64656","enterprise-library","5","0"
"64693","bots","1","0"
"64695","binance","2","0"
"64707","command-line-interface","1","0"
"64868","totp","1","0"
"64876","tcp-ip","1","0"
"64893","backtracking","2","0"
"65009","anonymous","1","0"
"65147",".net-standard-2.0","2","0"
"65202","windows-embedded-compact","1","0"
"65230","tink","3","0"
"65256","spring-boot","4","0"
"65277","pkcs#10","1","0"
"65295","xbox-one","1","0"
"65298","q#","1","0"
"65416","wordpress","1","0"
"65476","base-class-library","2","0"
"65488","sunspot","1","0"
"65502","hyperledger","5","0"
"65510","satisfiability","1","0"
"65512","2-satisfiability","1","0"
"65578","coreclr","1","0"
"65738","asp.net-identity-2","1","0"
"65751","plug","1","0"
"65765","base58","1","0"
"65772","spring-camel","1","0"
"65849","cout","1","0"
"65898","flutter","4","0"
"65939","decrement","1","0"
"65954","contiki","3","0"
"65992","microsoft-teams","1","0"
"66078","python-unicode","1","0"
"66119","linker-errors","2","0"
"66174","vapor","1","0"
"66182","computer-forensics","1","0"
"66184","memory-dump","1","0"
"66323","session-cookies","2","0"
"66498","geth","1","0"
"66506","header-files","1","0"
"66562","application-blocks","1","0"
"66631","footprint","1","0"
"66706","spring-cloud-config","1","0"
"66763","e-commerce","1","0"
"66939","mod","4","0"
"67027","c++17","1","0"
"67079","connection","1","0"
"67102","web2py","1","0"
"67103","pymysql","1","0"
"67270","post-quantum-cryptography","1","0"
"67313","angular6","1","0"
"67329","mysql-8.0","1","0"
"67436","nsmutabledata","1","0"
"67444","lightweight-processes","1","0"
"67478","webservices-client","1","0"
"67487","inverted-index","1","0"
"67577","crc","3","0"
"67585","multer","1","0"
"67593","oracle12c","1","0"
"67614","prolog","2","0"
"67733","viewstate","1","0"
"67762","updates","1","0"
"67799","java-9","1","0"
"67839","deep-learning","1","0"
"67840","apple-photos","1","0"
"67919","docstring","1","0"
"67958",".net-4.6","1","0"
"67960","self-signed-certificate","3","0"
"67974","barcode-scanner","1","0"
"67993","typeerror","2","0"
"68155","sqlalchemy","1","0"
"68161","airflow","1","0"
"68169","exchangewebservices","1","0"
"68230","truncate","1","0"
"68250","simd","1","0"
"68288","oracle-wallet","1","0"
"68322","electron","3","0"
"68381","parameter-passing","1","0"
"68571","mips","1","0"
"68573","mars","1","0"
"68643","itext7","1","0"
"68683","windows-server-2003-r2","1","0"
"68712","exit-code","1","0"
"68714","gcc-warning","1","0"
"68740","lm","1","0"
"68754","blackberry-jde","4","0"
"68792","socketcan","1","0"
"68848","paho","1","0"
"68870","bigdecimal","2","0"
"68875","rvm","1","0"
"68958","rfc3161","2","0"
"69003","spyder","1","0"
"69021","mysql-python","1","0"
"69085","lets-encrypt","1","0"
"69119","arduino-uno","1","0"
"69196","mockito","1","0"
"69275","p12","1","0"
"69313","ctf","2","0"
"69326","asp.net-core-2.1","1","0"
"69377","dependencies","1","0"
"69472","xmlsec","2","0"
"69615","jira","1","0"
"69624","azure-runbook","1","0"
"69737","eos","1","0"
"69775","can-bus","1","0"
"69801","activestate","1","0"
"69862","redefinition","1","0"
"70008","powerpoint","1","0"
"70067","move","1","0"
"70068","move-semantics","1","0"
"70190","poker","2","0"
"70264","introduction","1","0"
"70339","python-imaging-library","1","0"
"70420","exploit","1","0"
"70470","cloudflare","1","0"
"70498","x509certificatevalidator","2","0"
"70532","tibco","1","0"
"70591",".net-core-2.1","1","0"
"70722","trezor","1","0"
"70781","nativescript","1","0"
"70789","packet","2","0"
"70823","google-cloud-kms","1","0"
"70875","internals","1","0"
"70889","neural-network","1","0"
"70914","axios","1","0"
"70960","webassembly","2","0"
"71025","p7b","1","0"
"71069","jsencrypt","1","0"
"71105","text","1","0"
"71116","jose","2","0"
"71118","json-web-signature","1","0"
"71133","django-allauth","1","0"
"71151","sodium","1","0"
"71334","consensus","1","0"
"71368","lib","1","0"
"71376","google-cloud-functions","1","0"
"71495","veracode","1","0"
"71580","argon2-ffi","1","0"
"71654","android-biometric-prompt","1","0"
"71679","relational-database","1","0"
"71681","web-deployment","1","0"
"71749","ionic3","1","0"
"71775","shopify","1","0"
"71792","in-app-purchase","1","0"
"71818","pynacl","1","0"
"71865","infineon","1","0"
"71924","azure-functions","1","0"
"72010","pickle","1","0"
"72156","relic","2","0"
"72181","certificate-revocation","1","0"
"72240","passkit","1","0"
"72310","corda","1","0"
"72318","docx","1","0"
"72395","division","2","0"
"72626","stl","1","0"
"72668","catalog","1","0"
"72687","root","1","0"
"72688","primitive","1","0"
"72713","factors","1","0"
"72754","javamail","2","0"
"72785",".net-core-3.0","1","0"
"72809","frontend","1","0"
"72818","prestashop","1","0"
"72850","wavesplatform","1","0"
"72942","microservices","1","0"
"72988","bulletprooflib","1","0"
"72994","cybersource","1","0"
"73080","callback","1","0"
"73088","crash-dumps","1","0"
"73209","visual-studio-code","1","0"
"73308","com-interop","2","0"
"73317","rclone","1","0"
"73345","msp430","1","0"
"73348","cooja","1","0"
"73494","file-management","1","0"
"73533","putty","1","0"
"73701","amazon-cloudhsm","1","0"
"73704","dataframe","1","0"
"73716","ta-lib","1","0"
"73723","mapkit","1","0"
"73751","pkix","1","0"
"73799","sunpkcs11","1","0"
"74169","internationalization","1","0"
"74175","globalization","1","0"
"74183","esp32","1","0"
"74339","bitwise-operators","1","0"
"74369","attributeerror","1","0"
"74375","macros","1","0"
"74490","sbt","1","0"
"74500","black-box","1","0"
"74590","binascii","1","0"
"74598","esp8266","1","0"
"74636","python-3.7","1","0"
"74663","mastercard","1","0"
"74792","discord.py","1","0"
"74800","dllimport","1","0"
"74819","smartcontracts","1","0"
"74830","document","1","0"
"74866","certbot","1","0"
"74914","c++-winrt","1","0"
"74968","llvm","1","0"
"74974","evm","1","0"
"75043","gspread","1","0"
"75044","authlib","1","0"
"75233","spi","1","0"
"75260","string-length","1","0"
"75313","win32-process","1","0"
"75314","long-long","1","0"
"75315","error-list","1","0"
"75369","apple-cryptokit","1","0"
"75405","executable","1","0"
"75556","managed","1","0"
"75622","java-web-start","1","0"
"76221","directory","1","0"
"76223","delete-file","1","0"
"76257","sslstream","1","0"
"76275","snk","3","0"
"76369","dataoutputstream","1","0"
"76426","crt","2","0"
"76489","translate","1","0"
"76602","kohana","1","0"
"76610","code-generation","1","0"
"76757","assembly-signing","1","0"
"76763","denial-of-service","1","0"
"76863","mesh","1","0"
"76961","playing-cards","1","0"
"77119","reversing","1","0"
"77301","ssha","1","0"
"77340","scope","1","0"
"77358","social-networking","1","0"
"77418","html-helper","1","0"
"77501","osx-lion","1","0"
"77503","tokend","1","0"
"77603","console","1","0"
"77607","keylistener","1","0"
"77799","sscrypto","2","0"
"77816","helpers","1","0"
"77858","sse","1","0"
"77891","blackberry-playbook","1","0"
"78146","ios4","3","0"
"78173","genetic-programming","1","0"
"78330",".net-micro-framework","1","0"
"78412","devicetoken","4","0"
"78430","assemblies","1","0"
"78483","core-foundation","1","0"
"78508","powermock","1","0"
"78560","evolutionary-algorithm","1","0"
"78585","sml","1","0"
"78653","nibble","1","0"
"78695","owasp","1","0"
"78718","dotnetnuke-5","1","0"
"78744","user-defined-functions","1","0"
"78876","security-by-obscurity","1","0"
"79022","utl-file","1","0"
"79293","sim-card","1","0"
"79303","aspose","1","0"
"79323","plugins","1","0"
"79325","frameworks","1","0"
"79409",".net-security","1","0"
"79533","std","1","0"
"79715","utility","1","0"
"80062","ms-access-2007","2","0"
"80138","ssd","1","0"
"80306","machinekey","1","0"
"80398","datagridview","1","0"
"80458","undefined","1","0"
"80763","sql-like","1","0"
"80927","machine.config","1","0"
"81067","lazy-evaluation","1","0"
"81317","windows-7-x64","1","0"
"81375","matlab-figure","1","0"
"81532","daemon","1","0"
"81593","iso","1","0"
"81693","windows-server-2008","1","0"
"81816","malformed","1","0"
"81945","mapi","1","0"
"81977","rfc-4226","1","0"
"82111","proxy","1","0"
"82139","matrix-inverse","1","0"
"82175","idisposable","1","0"
"82304","native","1","0"
"82353","securestring","1","0"
"82407","protection","1","0"
"82408","hardcoded","1","0"
"82432","overflow","1","0"
"82450","toolkit","1","0"
"82512","bstr","1","0"
"82514","base-conversion","1","0"
"82567","rotation","1","0"
"82763","image-uploading","1","0"
"82764","asyncfileupload","1","0"
"82827","authenticity","1","0"
